l_english:
 banaadir_region:0 "バナディール"
 haud_region:0 "ハウド"
 kaffa_region:0 "ケファ"
 tigray_region:0 "ティグレ"
 amhara_region:0 "アムハラ"
 maakhir_region:0 "マーヒル"
 guyana_region:0 "ガイアナ"
 venezuela_region:0 "ベネズエラ"
 new_andalucia_region:0 "ヌエバ・アンダルシア"
 castilla_del_oro_region:0 "カスティーリャ・デル・オロ"
 new_granada_region:0 "ヌエバ・グラナダ"
 quito_region:0 "キト"
 bolivia_region:0 "ボリビア"
 qullasuyu_region:0 "コジャスウユ"
 antisuyu_region:0 "アンティスウユ"
 kuntisuyu_region:0 "クンティスウユ"
 chinchaysuyu_region:0 "チンチャイスウユ"
 paraguay_region:0 "パラグアイ"
 pampas_region:0 "パンパ"
 patagonia_region:0 "パタゴニア"
 cuyo_region:0 "クージョ"
 southern_pampas_region:0 "南パンパ"
 buenos_aires_region:0 "ブエノスアイレス"
 tucuman_region:0 "トゥクマン"
 chaco_region:0 "チャコ"
 banda_oriental_region:0 "バンダ・オリエンタル"
 rio_grande_do_sol_region:0 "リオグランデ・ド・スル"
 minas_gerais_region:0 "ミナスジェライス"
 goias_region:0 "ゴイアス"
 mato_grosso_region:0 "マットグロッソ"
 sao_paolo_region:0 "サンパウロ"
 rio_de_janeiro_region:0 "リオデジャネイロ"
 bahia_region:0 "バイーア"
 pernambuco_region:0 "ペルナンブーコ"
 maranhao_region:0 "マラニョン"
 grao_para_region:0 "グラン・パラー"
 transoxiana_region:0 "マー・ワラー・アンナフル"